{"cameraMode":{"drawMode":0,"name":"Shaded","section":"Shading Mode"},"sceneLighting":true,"audioPlay":false,"sceneViewState":{"m_AlwaysRefresh":false,"showFog":true,"showSkybox":true,"showFlares":true,"showImageEffects":true,"showParticleSystems":true,"showVisualEffectGraphs":true,"m_FxEnabled":true},"in2DMode":false,"pivot":{"x":-4.080419063568115,"y":4.987863540649414,"z":-0.31264233589172366},"rotation":{"x":0.03290729969739914,"y":-0.07279549539089203,"z":0.002399860415607691,"w":0.9968154430389404},"size":1.9068835973739625,"orthographic":true}